{
    "_ColorR": 1.0,
    "_ColorG": 1.0,
    "_ColorB": 1.0,
    "_RampLevels": 2.0,
    "_LightScalar": 1.0,
    "_HighColorR": 0.8220000267028809,
    "_HighColorG": 0.9089999794960022,
    "_HighColorB": 0.5350000262260437,
    "_HighIntensity": 2.5,
    "_LowColorR": 0.3486194312572479,
    "_LowColorG": 0.2745882272720337,
    "_LowColorB": 0.777999997138977,
    "_LowIntensity": 1.899999976158142,
    "_OutlineColorR": 0.3409999907016754,
    "_OutlineColorG": 0.3758620619773865,
    "_OutlineColorB": 0.00552738830447197,
    "_OutlineSize": 6.809999942779541,
    "_RimColorR": 0.9897274971008301,
    "_RimColorG": 1.0,
    "_RimColorB": 0.3014705777168274,
    "_RimAlpha": 0.7599999904632568,
    "_RimPower": 0.5699999928474426,
    "_RimDropOff": 0.0,
    "_FresnelColorR": 1.0,
    "_FresnelColorG": 1.0,
    "_FresnelColorB": 0.27941179275512698,
    "_FresnelBrightness": 0.07500000298023224,
    "_FresnelPower": 0.7419999837875366,
    "_FresnelShadowDropoff": 0.0,
    "_GradYCap": 1.5,
    "_GradIntensity": 0.7200000286102295
}