{
    "_ColorR": 1.0,
    "_ColorG": 1.0,
    "_ColorB": 1.0,
    "_RampLevels": 2.0,
    "_LightScalar": 1.0,
    "_HighColorR": 1.0,
    "_HighColorG": 1.0,
    "_HighColorB": 1.0,
    "_HighIntensity": 1.5800000429153443,
    "_LowColorR": 0.15299999713897706,
    "_LowColorG": 0.6323529481887817,
    "_LowColorB": 1.0,
    "_LowIntensity": 0.699999988079071,
    "_OutlineColorR": 0.0,
    "_OutlineColorG": 0.0,
    "_OutlineColorB": 0.0,
    "_OutlineSize": 0.0,
    "_RimColorR": 1.0,
    "_RimColorG": 1.0,
    "_RimColorB": 1.0,
    "_RimAlpha": 0.0,
    "_RimPower": 0.0,
    "_RimDropOff": 0.0,
    "_FresnelColorR": 0.19099999964237214,
    "_FresnelColorG": 0.18400000035762788,
    "_FresnelColorB": 1.0,
    "_FresnelBrightness": 0.33000001311302187,
    "_FresnelPower": 0.6650000214576721,
    "_FresnelShadowDropoff": 1.0,
    "_GradYCap": 0.0,
    "_GradIntensity": 0.0
}