{
    "_ColorR": 1.0,
    "_ColorG": 1.0,
    "_ColorB": 1.0,
    "_RampLevels": 4.0,
    "_LightScalar": 1.2000000476837159,
    "_HighColorR": 1.0,
    "_HighColorG": 1.0,
    "_HighColorB": 1.0,
    "_HighIntensity": 2.299999952316284,
    "_LowColorR": 0.26284003257751467,
    "_LowColorG": 0.18557098507881165,
    "_LowColorB": 0.7110000252723694,
    "_LowIntensity": 1.3600000143051148,
    "_OutlineColorR": 0.0,
    "_OutlineColorG": 0.0,
    "_OutlineColorB": 0.10899999737739563,
    "_OutlineSize": 10.0,
    "_RimColorR": 1.0,
    "_RimColorG": 1.0,
    "_RimColorB": 1.0,
    "_RimAlpha": 0.0,
    "_RimPower": 0.0,
    "_RimDropOff": 0.0,
    "_FresnelColorR": 0.671999990940094,
    "_FresnelColorG": 0.671999990940094,
    "_FresnelColorB": 1.0,
    "_FresnelBrightness": 0.46700000762939455,
    "_FresnelPower": 0.5199999809265137,
    "_FresnelShadowDropoff": 0.0,
    "_GradYCap": 1.5,
    "_GradIntensity": 0.0
}