{
    "_ColorR": 1.0,
    "_ColorG": 1.0,
    "_ColorB": 1.0,
    "_RampLevels": 2.0,
    "_LightScalar": 1.0,
    "_HighColorR": 1.0,
    "_HighColorG": 0.36980971693992617,
    "_HighColorB": 0.08823531866073609,
    "_HighIntensity": 3.7699999809265138,
    "_LowColorR": 0.0,
    "_LowColorG": 0.0,
    "_LowColorB": 0.0,
    "_LowIntensity": 0.5,
    "_OutlineColorR": 0.0,
    "_OutlineColorG": 0.0,
    "_OutlineColorB": 0.0,
    "_OutlineSize": 0.0,
    "_RimColorR": 0.7089999914169312,
    "_RimColorG": 0.18400000035762788,
    "_RimColorB": 0.7409999966621399,
    "_RimAlpha": 1.0,
    "_RimPower": 0.4950000047683716,
    "_RimDropOff": 0.0,
    "_FresnelColorR": 1.0,
    "_FresnelColorG": 1.0,
    "_FresnelColorB": 1.0,
    "_FresnelBrightness": 0.009999999776482582,
    "_FresnelPower": 0.0,
    "_FresnelShadowDropoff": 0.0,
    "_GradYCap": 2.299999952316284,
    "_GradIntensity": 1.0
}