{
    "_ColorR": 1.0,
    "_ColorG": 1.0,
    "_ColorB": 1.0,
    "_RampLevels": 2.0,
    "_LightScalar": 1.0,
    "_HighColorR": 1.0,
    "_HighColorG": 1.0,
    "_HighColorB": 1.0,
    "_HighIntensity": 1.2999999523162842,
    "_LowColorR": 0.609000027179718,
    "_LowColorG": 0.765999972820282,
    "_LowColorB": 1.0,
    "_LowIntensity": 0.6899999976158142,
    "_OutlineColorR": 0.25714409351348879,
    "_OutlineColorG": 0.5344827771186829,
    "_OutlineColorB": 0.37427258491516116,
    "_OutlineSize": 38.31999969482422,
    "_RimColorR": 1.0,
    "_RimColorG": 1.0,
    "_RimColorB": 1.0,
    "_RimAlpha": 0.3400000035762787,
    "_RimPower": 0.49000000953674319,
    "_RimDropOff": 0.0,
    "_FresnelColorR": 0.8887326717376709,
    "_FresnelColorG": 1.0,
    "_FresnelColorB": 0.845588207244873,
    "_FresnelBrightness": 0.03999999910593033,
    "_FresnelPower": 0.8500000238418579,
    "_FresnelShadowDropoff": 0.0,
    "_GradYCap": 2.4000000953674318,
    "_GradIntensity": 0.3970000147819519
}